recon_loss,KL,disnt_basal,disnt_after,r2_mean,r2_var,adv_loss,penalty_adv,adv_perts,acc_perts,penalty_perts,adv_cell_type,penalty_cell_type,acc_cell_type,epoch,mode
1846.635986328125,,0.5071666666666667,0.6533333333333333,-0.1498046875,-0.07625505924224854,,,,,,,,,0,valid
1739.7442423502605,,0.0,0.0,-0.1916771756345065,-0.09029431006997095,4.667507568995158,0.27157390862703323,0.7523322502772013,0.48523250222206116,0.01537551824003458,3.9151752392450967,0.2561983950436115,0.04250000007450581,0,train
1837.0081787109375,,0.5169583333333334,0.6533333333333333,-0.14108901023864745,-0.07601244449615478,,,,,,,,,1,valid
1673.2363891601562,,0.0,0.0,-0.12456026237628652,-0.10180391540840987,4.6497360070546465,0.20875345170497894,0.7301287949085236,0.4884883562723796,0.015512288082391024,3.919607241948446,0.1932411603629589,0.04296875,1,train
1827.041015625,,0.5227777777777778,0.6533333333333333,-0.13263813654581705,-0.07579212188720703,,,,,,,,,2,valid
1636.678934733073,,0.0,0.0,-0.07234071052157746,-0.09070381176537386,4.676816542943318,0.17243843898177147,0.7481317122777303,0.4848546236753464,0.015991481952369213,3.9286847511927285,0.15644695237278938,0.020625000074505805,2,train
