{
  "n_frames": 99,
  "n_successful_recon": 99,
  "n_failed_recon": 0,
  "failed_frames": [],
  "n_valid_measurements": 396,
  "integrity": {
    "per_bond": {
      "Cys30-Cys115": {
        "2.5": 0.15151515151515152,
        "2.8": 0.1717171717171717,
        "3.0": 0.1717171717171717,
        "3.5": 0.31313131313131315
      },
      "Cys6-Cys127": {
        "2.5": 0.7171717171717171,
        "2.8": 0.7373737373737373,
        "3.0": 0.7373737373737373,
        "3.5": 0.797979797979798
      },
      "Cys64-Cys80": {
        "2.5": 0.2727272727272727,
        "2.8": 0.3333333333333333,
        "3.0": 0.3434343434343434,
        "3.5": 0.40404040404040403
      },
      "Cys76-Cys94": {
        "2.5": 0.46464646464646464,
        "2.8": 0.494949494949495,
        "3.0": 0.5050505050505051,
        "3.5": 0.5555555555555556
      }
    },
    "overall": {
      "2.5": 0.4015151515151515,
      "2.8": 0.43434343434343436,
      "3.0": 0.4393939393939394,
      "3.5": 0.5176767676767676
    },
    "stats": {
      "Cys30-Cys115": {
        "mean": 3.9590420120894305,
        "std": 1.549238255268767,
        "min": 1.7536380290985107,
        "max": 14.032365798950195,
        "median": 3.8754196166992188,
        "n": 99
      },
      "Cys6-Cys127": {
        "mean": 2.827724411030008,
        "std": 1.5682652803648596,
        "min": 2.011018753051758,
        "max": 11.935347557067871,
        "median": 2.0615358352661133,
        "n": 99
      },
      "Cys64-Cys80": {
        "mean": 4.144268949826558,
        "std": 1.7361137007163288,
        "min": 1.8247206211090088,
        "max": 7.604123115539551,
        "median": 4.3132548332214355,
        "n": 99
      },
      "Cys76-Cys94": {
        "mean": 3.3427421348263517,
        "std": 1.474038451873811,
        "min": 2.0022692680358887,
        "max": 9.723082542419434,
        "median": 2.8832828998565674,
        "n": 99
      }
    },
    "n_conformations": 99,
    "n_valid_measurements": 396
  },
  "tool": "PDBFixer (OpenMM 8.3.1)",
  "elapsed_seconds": 1016.6941800117493
}