{
  "protein": "crambin",
  "n_frames": 82,
  "n_successful_recon": 82,
  "n_failed_recon": 0,
  "failed_frames": [],
  "n_valid_measurements": 246,
  "integrity": {
    "per_bond": {
      "Cys16-Cys26": {
        "2.5": 0.012195121951219513,
        "2.8": 0.012195121951219513,
        "3.0": 0.024390243902439025,
        "3.5": 0.036585365853658534
      },
      "Cys3-Cys40": {
        "2.5": 0.2682926829268293,
        "2.8": 0.3170731707317073,
        "3.0": 0.35365853658536583,
        "3.5": 0.4268292682926829
      },
      "Cys4-Cys32": {
        "2.5": 0.14634146341463414,
        "2.8": 0.21951219512195122,
        "3.0": 0.3048780487804878,
        "3.5": 0.35365853658536583
      }
    },
    "overall": {
      "2.5": 0.14227642276422764,
      "2.8": 0.18292682926829268,
      "3.0": 0.22764227642276422,
      "3.5": 0.27235772357723576
    },
    "stats": {
      "Cys16-Cys26": {
        "mean": 10.68292701825863,
        "std": 6.865024289453804,
        "min": 2.078380584716797,
        "max": 29.168779373168945,
        "median": 8.577147483825684,
        "n": 82
      },
      "Cys3-Cys40": {
        "mean": 12.673856232224441,
        "std": 14.683047578707058,
        "min": 1.8319084644317627,
        "max": 69.98759460449219,
        "median": 4.654484272003174,
        "n": 82
      },
      "Cys4-Cys32": {
        "mean": 12.043169353066421,
        "std": 11.651942131466607,
        "min": 2.013843297958374,
        "max": 61.64124298095703,
        "median": 8.200222253799438,
        "n": 82
      }
    },
    "n_conformations": 82,
    "n_valid_measurements": 246
  },
  "tool": "PDBFixer (OpenMM)",
  "ss_bonds": [
    "Cys3-Cys40",
    "Cys4-Cys32",
    "Cys16-Cys26"
  ],
  "elapsed_seconds": 69.0084867477417
}